use Loja;

INSERT INTO Estado (Nome, UF) VALUES
	('Acre', 'AC'),
	('Alagoas', 'AL'),
	('Amapá', 'AP'),
	('Amazonas', 'AM'),
	('Bahia', 'BA'),
	('Ceará', 'CE'),
	('Distrito Federal', 'DF'),
	('Espírito Santo', 'ES'),
	('Goiás', 'GO'),
	('Maranhão', 'MA'),
	('Mato Grosso', 'MT'),
	('Mato Grosso do Sul', 'MS'),
	('Minas Gerais', 'MG'),
	('Pará', 'PA'),
	('Paraíba', 'PB'),
	('Paraná', 'PR'),
	('Pernambuco', 'PE'),
	('Piauí', 'PI'),
	('Rio de Janeiro', 'RJ'),
	('Rio Grande do Norte', 'RN'),
	('Rio Grande do Sul', 'RS'),
	('Rondônia', 'RO'),
	('Roraima', 'RR'),
	('Santa Catarina', 'SC'),
	('São Paulo', 'SP'),
	('Sergipe', 'SE'),
	('Tocantins', 'TO');

select * from Estado;

INSERT INTO Municipio (FK_EstadoID, Nome, codIBGE) VALUES
	(1, 'Rio Branco', 1200401),
	(2, 'Maceió', 2704302),
	(3, 'Macapá', 1600303),
	(4, 'Manaus', 1302603),
	(5, 'Salvador', 2927408),
	(6, 'Fortaleza', 2304400),
	(7, 'Brasília', 5300108),
	(8, 'Vitória', 3205309),
	(9, 'Goiânia', 5208707),
	(10, 'São Luís', 2111300),
	(11, 'Cuiabá', 5103403),
	(12, 'Campo Grande', 5002704),
	(13, 'Belo Horizonte', 3106200),
	(14, 'Belém', 1501402),
	(15, 'João Pessoa', 2507507),
	(16, 'Curitiba', 4106902),
	(17, 'Recife', 2611606),
	(18, 'Teresina', 2211001),
	(19, 'Rio de Janeiro', 3304557),
	(20, 'Natal', 2408102),
	(21, 'Porto Alegre', 4314902),
	(22, 'Porto Velho', 1100205),
	(23, 'Boa Vista', 1400100),
	(24, 'Florianópolis', 4205407),
	(25, 'São Paulo', 3550308),
	(26, 'Aracaju', 2800308),
	(27, 'Palmas', 1721000);

select * from Municipio;

INSERT INTO Cliente (Nome, CPF, Celular, EndLogradouro, EndNumero, EndMunicipio, FK_Municipio_ID, EndCEP) VALUES
	('Ana Carolina Silva', '12345678900', '68991234567', 'Rua Benjamin Constant', '0000000135', 1, 1, '69900000'),
	('Bruno Henrique Souza', '98765432100', '82999876543', 'Av. Fernandes Lima', '0000000480', 2, 2, '57000000'),
	('Camila Fernanda Lima', '11122233344', '96991112233', 'Av. FAB', '0000000256', 3, 3, '68900000'),
	('Diego Marcos Pereira', '55566677788', '92995556677', 'Av. Eduardo Ribeiro', '0000001024', 4, 4, '69000000'),
	('Érica Santos Oliveira', '22233344455', '71992223344', 'Av. Sete de Setembro', '0000000410', 5, 5, '40000000'),
	('Fábio Ribeiro Gomes', '33344455566', '85993334455', 'Av. Beira Mar', '0000000078', 6, 6, '60000000'),
	('Gabriela Matos Alves', '44455566677', '61994445566', 'Esplanada dos Ministérios', '0000000027', 7, 7, '70000000'),
	('Hugo Vitor Fernandes', '66677788899', '27996666778', 'Av. Jerônimo Monteiro', '0000000189', 8, 8, '29000000'),
	('Isabela Cristina Rocha', '77788899900', '62997778899', 'Av. Goiás', '0000000312', 9, 9, '74000000'),
	('João Paulo Castro', '88899900011', '98998889900', 'Rua Grande', '0000000065', 10, 10, '65000000'),
	('Larissa Fernanda Martins', '99911122233', '65991112233', 'Av. Getúlio Vargas', '0000000143', 11, 11, '78000000'),
	('Marcelo Augusto Lima', '11133355577', '67993334455', 'Av. Afonso Pena', '0000000254', 12, 12, '79000000'),
	('Natália Souza Pereira', '22244466688', '31994445566', 'Av. Afonso Pena', '0000000321', 13, 13, '30000000'),
	('Otávio Ribeiro Gomes', '33355577799', '91995556677', 'Av. Presidente Vargas', '0000000402', 14, 14, '66000000'),
	('Patrícia Alves Santos', '44466688800', '83996666778', 'Av. Epitácio Pessoa', '0000000118', 15, 15, '58000000'),
	('Quirino Vitor de Lima', '55577799911', '41997778899', 'Rua XV de Novembro', '0000000067', 16, 16, '80000000'),
	('Rafaela Cristina Rocha', '66688800022', '81998889900', 'Av. Conde da Boa Vista', '0000000234', 17, 17, '50000000'),
	('Samuel Henrique Castro', '77799911133', '86991112233', 'Av. Frei Serafim', '0000000099', 18, 18, '64000000'),
	('Tatiane Fernanda Souza', '88811122244', '21992223344', 'Av. Rio Branco', '0000000310', 19, 19, '20000000'),
	('Ulisses Matos Lima', '99922233355', '84993334455', 'Av. Rio Branco', '0000000075', 20, 20, '59000000'),
	('Valéria Cristina Santos', '11144455566', '51994445566', 'Av. Borges de Medeiros', '0000000412', 21, 21, '90000000'),
	('Wagner Vitor Fernandes', '22255566677', '69995556677', 'Av. Sete de Setembro', '0000000289', 22, 22, '76800000'),
	('Ximena Alves Rocha', '33366677788', '95996666778', 'Av. Capitão Ene Garcez', '0000000154', 23, 23, '69300000'),
	('Yuri Henrique Castro', '44477788899', '48997778899', 'Av. Beira-Mar Norte', '0000000203', 24, 24, '88000000'),
	('Zilda Fernanda Lima', '55588899900', '11998889900', 'Av. Paulista', '0000000312', 25, 25, '01000000'),
	('André Vitor Souza', '66699900011', '79991112233', 'Av. Beira Mar', '0000000057', 26, 26, '49000000'),
	('Beatriz Cristina Rocha', '77711122233', '63992223344', 'Av. JK', '0000000089', 27, 27, '77000000');

select * from Cliente;

INSERT INTO ContaReceber (FK_Cliente_ID, FaturaVendaID, DataConta, Datavencimento, Valor, Situacao) VALUES
(1, 105, '2024-08-06', '2025-05-15', 100.00, '1'),
(2, 106, '2024-04-07', '2025-04-07', 200.00, '2'),
(3, 107, '2024-03-10', '2025-03-10', 150.50, '3'),
(4, 108, '2024-02-15', '2025-02-15', 250.75, '1'),
(5, 109, '2024-01-20', '2025-01-20', 300.00, '2'),
(6, 110, '2024-05-05', '2025-05-05', 175.25, '3'),
(7, 111, '2024-06-12', '2025-06-12', 400.00, '1'),
(8, 112, '2024-07-18', '2025-07-18', 225.00, '2'),
(9, 113, '2024-08-22', '2025-08-22', 350.50, '3'),
(10, 114, '2024-09-02', '2025-09-02', 120.00, '1'),
(11, 115, '2024-10-11', '2025-10-11', 500.00, '2'),
(12, 116, '2024-11-21', '2025-11-21', 275.75, '3'),
(13, 117, '2024-12-05', '2025-12-05', 320.00, '1'),
(14, 118, '2024-01-14', '2025-01-14', 180.50, '2'),
(15, 119, '2024-02-25', '2025-02-25', 210.00, '3'),
(16, 120, '2024-03-30', '2025-03-30', 95.00, '1'),
(17, 121, '2024-04-12', '2025-04-12', 400.00, '2'),
(18, 122, '2024-05-23', '2025-05-23', 150.25, '3'),
(19, 123, '2024-06-18', '2025-06-18', 230.00, '1'),
(20, 124, '2024-07-29', '2025-07-29', 310.50, '2'),
(21, 125, '2024-08-15', '2025-08-15', 450.00, '3'),
(22, 126, '2024-09-05', '2025-09-05', 500.00, '1'),
(23, 127, '2024-10-20', '2025-10-20', 275.50, '2'),
(24, 128, '2024-11-02', '2025-11-02', 320.00, '3'),
(25, 129, '2024-12-12', '2025-12-12', 150.00, '1'),
(26, 130, '2024-01-08', '2025-01-08', 220.75, '2'),
(27, 131, '2024-02-19', '2025-02-19', 180.00, '3');

select * from ContaReceber;